Year,Month,Domestic Debt,External Debt,Total,Per_DOMESTIC,Per_EXTERNAL,Decision_domestic_VS_external,AMOUNT_Increase_decrese_DOMESTIC,Percentage_Incresea_decresea_DOMESTIC,Decsion_icrease_decrease_DOMESTIC,AMOUNT_Increase_decrese_EXTERNAL,Percentage_Incresea_decresea_EXTERNAL,Decsion_icrease_decrease_EXTERNAL,AMOUNT_Increase_decrese_TOTAL,Percentage_Incresea_decresea_TOTAL,Decsion_icrease_decrease_TOTAL,SN
2021,December,"4,032,368.18","4,174,371.53","8,206,739.71",49.13483701,50.86516299,Higher external debt,"24,290.88",0.606048192,Decrease,"65,088.68",1.58,Increase,"89,379.56",1.1010914675,Increase,1
2021,November,"4,008,077.30","4,109,282.85","8,117,360.15",49.37661045,50.62338955,Higher external debt,"48,554.00",1.226258727,Increase,"26,158.31",0.64,Increase,"74,712.31",0.9289516523,Increase,2
2021,October,"3,959,523.30","4,083,124.54","8,042,647.84",49.23158864,50.76841136,Higher external debt,"21,745.85",0.552236643,Decrease,"20,619.76",0.51,Increase,"42,365.61",0.5295514431,Decrease,3
2021,September,"3,937,777.45","4,062,504.78","8,000,282.23",49.22048169,50.77951831,Higher external debt,"72,901.67",1.886261659,Decrease,"7,641.93",0.19,Decrease,"80,543.60",1.0169982087,Decrease,4
2021,August,"3,864,875.78","4,054,862.85","7,919,738.63",48.8005471,51.1994529,Higher external debt,"72,728.89",1.917881667,Decrease,"34,233.55",0.85,Increase,"106,962.44",1.3690708322,Increase,5
2021,July,"3,792,146.89","4,020,629.30","7,812,776.19",48.53776427,51.46223573,Higher external debt,"95,053.71",2.571039067,Increase,"5,329.92",0.13,Decrease,"100,383.62",1.3015885679,Decrease,6
2021,June,"3,697,093.18","4,015,299.38","7,712,392.57",47.93704608,52.06295379,Higher external debt,"10,201.46",0.276695406,Decrease,"216,280.57",5.69,Increase,"226,482.04",3.0254441206,Increase,7
2021,May,"3,686,891.72","3,799,018.81","7,485,910.53",49.25107915,50.74892085,Higher external debt,"53,976.92",1.485774453,Decrease,"20,887.37",0.55,Increase,"74,864.29",1.0101716758,Increase,8
2021,April,"3,632,914.80","3,778,131.44","7,411,046.24",49.02026897,50.97973103,Higher external debt,"63,074.23",1.766864059,Increase,"8,264.70",0.22,Increase,"71,338.93",0.9719587851,Increase,9
2021,March,"3,569,840.57","3,769,866.74","7,339,707.31",48.63736957,51.36263043,Higher external debt,"38,657.64",1.094750421,Increase,"-44,422.03",-1.16,Decrease,"-5,764.39",-0.0784754232,Increase,10
2021,February,"3,531,182.93","3,814,288.77","7,345,471.70",48.07292267,51.92707733,Higher external debt,"-1,378.59",-0.039025223,Decrease,"-5,410.89",-0.14,Decrease,"-6,789.48",-0.0923454681,Decrease,11
2021,January,"3,532,561.52","3,819,699.66","7,352,261.18",48.04728006,51.95271994,Higher external debt,"44,020.34",1.261855249,Increase,"26,414.42",0.70,Increase,"70,434.76",0.9672677696,Increase,12
2020,December,"3,488,541.18","3,793,285.24","7,281,826.42",47.90750258,52.09249742,Higher external debt,"5,887.62",0.169055575,Decrease,"21,476.77",0.57,Decrease,"27,364.39",0.3772077087,Decrease,13
2020,November,"3,482,653.56","3,771,808.47","7,254,462.03",48.00705477,51.99294523,Higher external debt,"25,008.93",0.723293822,Increase,"66,164.23",1.79,Increase,"91,173.16",1.2727835168,Increase,14
2020,October,"3,457,644.63","3,705,644.24","7,163,288.87",48.26895429,51.73104571,Higher external debt,538.13,0.015565908,Decrease,"42,153.02",1.15,Increase,"42,691.15",0.5995444719,Decrease,15
2020,September,"3,457,106.50","3,663,491.22","7,120,597.72",48.55079076,51.44920924,Higher external debt,"54,605.77",1.604871662,Decrease,"-2,830.07",-0.08,Decrease,"51,775.70",0.7324516002,Decrease,16
2020,August,"3,402,500.73","3,666,321.29","7,068,822.02",48.13391426,51.86608574,Higher external debt,"128,949.29",3.939125209,Increase,"27,814.80",0.76,Decrease,"156,764.09",2.2679799792,Decrease,17
2020,July,"3,273,551.44","3,638,506.49","6,912,057.93",47.36001164,52.63998836,Higher external debt,"95,130.16",2.993000349,Increase,"122,695.71",3.49,Increase,"217,825.87",3.2539336558,Increase,18
2020,June,"3,178,421.28","3,515,810.78","6,694,232.06",47.47999847,52.52000153,Higher external debt,"25,277.34",0.801655125,Decrease,"19,381.94",0.55,Decrease,"44,659.29",0.6716114184,Decrease,19
2020,May,"3,153,143.94","3,496,428.84","6,649,572.77",47.41874477,52.58125538,Higher external debt,"33,728.14",1.081232582,Decrease,"179,097.86",5.40,Increase,"212,826.00",3.3064218246,Increase,20
2020,April,"3,119,415.80","3,317,330.98","6,436,746.77",48.46261491,51.53738524,Higher external debt,"49,226.42",1.603367542,Increase,"104,696.75",3.26,Increase,"153,923.16",2.4499042080,Increase,21
2020,March,"3,070,189.38","3,212,634.23","6,282,823.61",48.86639464,51.13360536,Higher external debt,"29,224.83",0.961038168,Decrease,"95,595.66",3.07,Increase,"124,820.49",2.0269637343,Increase,22
2020,February,"3,040,964.55","3,117,038.57","6,158,003.12",49.38231584,50.61768416,Higher external debt,"37,264.25",1.240611455,Decrease,"4,140.62",0.13,Decrease,"41,404.87",0.6769264272,Decrease,23
2020,January,"3,003,700.30","3,112,897.95","6,116,598.25",49.10736617,50.89263383,Higher external debt,"61,596.76",2.09362992,Increase,"6,074.99",0.20,Increase,"67,671.75",1.1187398293,Increase,24
2019,December,"2,942,103.54","3,106,822.96","6,048,926.50",48.63844089,51.36155911,Higher external debt,"24,741.25",0.848069165,Increase,"-8,136.73",-0.26,Increase,"16,604.52",0.2752591797,Increase,25
2019,November,"2,917,362.29","3,114,959.69","6,032,321.98",48.36217794,51.63782206,Higher external debt,"20,220.93",0.697961455,Decrease,"-12,641.57",-0.40,Decrease,"7,579.36",0.1258038804,Decrease,26
2019,October,"2,897,141.36","3,127,601.26","6,024,742.62",48.08738801,51.91261199,Higher external debt,"45,502.15",1.595648911,Increase,"15,833.98",0.51,Increase,"61,336.13",1.0285418259,Increase,27
2019,September,"2,851,639.21","3,111,767.28","5,963,406.49",47.81896412,52.18103588,Higher external debt,"-23,863.44",-0.829887602,Decrease,"-21,776.06",-0.69,Increase,"-45,639.50",-0.7595132418,Decrease,28
2019,August,"2,875,502.65","3,133,543.34","6,009,045.99",47.85289803,52.14710197,Higher external debt,"31,835.76",1.119531972,Decrease,"-26,514.12",-0.84,Decrease,"5,321.64",0.0886389796,Decrease,29
2019,July,"2,843,666.89","3,160,057.46","6,003,724.35",47.3650475,52.6349525,Higher external debt,"58,183.76",2.088821123,Increase,"136,917.99",4.53,Decrease,"195,101.75",3.3588298541,Decrease,30
2019,June,"2,785,483.13","3,023,139.47","5,808,622.60",47.95427973,52.04572027,Higher external debt,"12,869.42",0.464162027,Decrease,"188,295.43",6.64,Increase,"201,164.85",3.5874519072,Increase,31
2019,May,"2,772,613.71","2,834,844.04","5,607,457.75",49.44511102,50.55488898,Higher external debt,"31,708.07",1.156846465,Decrease,"-7,636.98",-0.27,Decrease,"24,071.09",0.4311198824,Decrease,32
2019,April,"2,740,905.64","2,842,481.02","5,583,386.66",49.09037842,50.90962158,Higher external debt,"37,972.37",1.404857842,Increase,"120,883.56",4.44,Increase,"158,855.92",2.9284730351,Increase,33
2019,March,"2,702,933.27","2,721,597.46","5,424,530.74",49.82796484,50.17203497,Higher external debt,"11,961.24",0.444495144,Decrease,"14,310.29",0.53,Increase,"26,271.54",0.4866668870,Decrease,34
2019,February,"2,690,972.03","2,707,287.17","5,398,259.20",49.84888517,50.15111483,Higher external debt,"86,782.63",3.332423901,Increase,"-22,191.40",-0.81,Decrease,"64,591.23",1.2110095785,Increase,35
2019,January,"2,604,189.40","2,729,478.57","5,333,667.97",48.82548773,51.17451227,Higher external debt,"55,420.62",2.174407519,Increase,"5,744.30",0.21,Decrease,"61,164.93",1.1600738688,Increase,36
2018,December,"2,548,768.78","2,723,734.27","5,272,503.04",48.34077402,51.65922617,Higher external debt,"-14,649.85",-0.571496588,Decrease,"14,725.88",0.54,Decrease,76.01,0.0014416511,Decrease,37
2018,November,"2,563,418.63","2,709,008.39","5,272,427.03",48.61932873,51.38067108,Higher external debt,"27,666.74",1.091066524,Increase,"54,318.95",2.05,Increase,"81,985.70",1.5795516178,Increase,38
2018,October,"2,535,751.89","2,654,689.44","5,190,441.33",48.85426361,51.14573639,Higher external debt,"-5,081.85",-0.200007183,Decrease,"49,354.86",1.89,Increase,"44,273.01",0.8603101812,Increase,39
2018,September,"2,540,833.74","2,605,334.58","5,146,168.32",49.37331199,50.62668801,Higher external debt,"47,126.96",1.889835661,Increase,"-6,068.52",-0.23,Decrease,"41,058.44",0.8042616313,Increase,40
2018,August,"2,493,706.78","2,611,403.10","5,105,109.88",48.84726947,51.15273053,Higher external debt,"-19,339.72",-0.769572708,Decrease,"10,331.95",0.40,Decrease,"-9,007.77",-0.1761353691,Decrease,41
2018,July,"2,513,046.50","2,601,071.15","5,114,117.65",49.13939553,50.86060447,Higher external debt,"34,211.41",1.380140621,Increase,"40,871.72",1.60,Increase,"75,083.13",1.4900300782,Increase,42
2018,June,"2,478,835.09","2,560,199.43","5,039,034.52",49.19265943,50.80734057,Higher external debt,"31,259.88",1.277177505,Decrease,"-12,926.81",-0.50,Decrease,"18,333.08",0.3651497748,Decrease,43
2018,May,"2,447,575.21","2,573,126.24","5,020,701.44",48.74966654,51.25033366,Higher external debt,"32,340.57",1.339023938,Decrease,"10,947.71",0.43,Decrease,"43,288.27",0.8696941267,Decrease,44
2018,April,"2,415,234.64","2,562,178.53","4,977,413.17",48.52389298,51.47610702,Higher external debt,"43,584.11",1.837712152,Increase,"49,747.59",1.98,Increase,"93,331.71",1.9109368008,Increase,45
2018,March,"2,371,650.53","2,512,430.94","4,884,081.46",48.55878325,51.44121695,Higher external debt,"33,436.82",1.430015565,Decrease,"-50,643.11",-1.98,Decrease,"-17,206.30",-0.3510567190,Decrease,46
2018,February,"2,338,213.71","2,563,074.05","4,901,287.76",47.70610959,52.29389041,Higher external debt,"90,918.69",4.045694454,Increase,"185,551.58",7.80,Increase,"276,470.27",5.9779714680,Increase,47
2018,January,"2,247,295.02","2,377,522.47","4,624,817.49",48.59208012,51.40791988,Higher external debt,"26,949.67",1.213760283,Increase,"28,238.03",1.20,Increase,"55,187.70",1.2077061499,Increase,48
2017,December,"2,220,345.35","2,349,284.44","4,569,629.79",48.58917357,51.41082643,Higher external debt,"-8,083.67",-0.362751962,Decrease,"-7,942.04",-0.34,Decrease,"-16,025.71",-0.3494747916,Decrease,49
2017,November,"2,228,429.02","2,357,226.48","4,585,655.50",48.59564832,51.40435168,Higher external debt,"39,919.56",1.824052431,Increase,"4,101.55",0.17,Decrease,"44,021.11",0.9692790353,Decrease,50
2017,October,"2,188,509.46","2,353,124.93","4,541,634.39",48.18770672,51.81229328,Higher external debt,"15,674.31",0.721375941,Decrease,"42,925.94",1.86,Increase,"58,600.26",1.3071562317,Increase,51
2017,September,"2,172,835.15","2,310,198.99","4,483,034.13",48.46795913,51.53204109,Higher external debt,"36,901.21",1.727638168,Increase,423.60,0.02,Decrease,"37,324.80",0.8395690593,Increase,52
2017,August,"2,135,933.94","2,309,775.39","4,445,709.33",48.04484012,51.95515988,Higher external debt,"12,145.35",0.571871892,Decrease,"4,237.06",0.18,Decrease,"16,382.41",0.3698622905,Decrease,53
2017,July,"2,123,788.59","2,305,538.33","4,429,326.92",47.94833681,52.05166319,Higher external debt,"12,078.15",0.571960519,Decrease,"10,802.45",0.47,Decrease,"22,880.60",0.5192528931,Decrease,54
2017,June,"2,111,710.44","2,294,735.88","4,406,446.32",47.92320811,52.07679189,Higher external debt,"66,238.81",3.238314774,Decrease,"107,511.55",4.92,Increase,"173,750.36",4.1049572575,Increase,55
2017,May,"2,045,471.63","2,187,224.33","4,232,695.96",48.3255034,51.6744966,Higher external debt,"65,605.98",3.313658177,Increase,"19,969.50",0.92,Increase,"85,575.48",2.0634915338,Increase,56
2017,April,"1,979,865.65","2,167,254.83","4,147,120.48",47.74073142,52.25926858,Higher external debt,"34,612.38",1.779325116,Decrease,"8,185.89",0.38,Decrease,"42,798.27",1.0427609678,Decrease,57
2017,March,"1,945,253.27","2,159,068.94","4,104,322.21",47.39523776,52.60476224,Higher external debt,"43,433.03",2.283761056,Increase,"165,895.14",8.32,Increase,"209,328.17",5.3742872993,Increase,58
2017,February,"1,901,820.24","1,993,173.80","3,894,994.04",48.82729525,51.17270475,Higher external debt,"7,725.25",0.407859692,Increase,378.65,0.02,Decrease,"8,103.90",0.2084931580,Decrease,59
2017,January,"1,894,094.99","1,992,795.15","3,886,890.14",48.73034539,51.26965461,Higher external debt,"-36,760.02",-1.903820836,Decrease,"96,352.10",5.08,Increase,"59,592.08",1.5570274137,Decrease,60
2016,December,"1,930,855.01","1,896,443.05","3,827,298.06",50.44955945,49.55044055,Higher Internal debt,"12,198.02",0.635758245,Decrease,"61,528.72",3.35,Increase,"73,726.74",1.9641758132,Increase,61
2016,November,"1,918,656.99","1,834,914.33","3,753,571.32",51.11550645,48.88449355,Higher Internal debt,"46,554.17",2.486731471,Increase,"-9,560.63",-0.52,Decrease,"36,993.54",0.9953656883,Increase,62
2016,October,"1,872,102.82","1,844,474.96","3,716,577.78",50.37168414,49.62831586,Higher Internal debt,"17,548.26",0.94622506,Decrease,"-4,544.91",-0.25,Decrease,"13,003.35",0.3511027049,Decrease,63
2016,September,"1,854,554.56","1,849,019.87","3,703,574.43",50.07472092,49.92527908,Higher Internal debt,"38,623.83",2.126944016,Increase,"45,759.39",2.54,Increase,"84,383.21",2.3315488149,Increase,64
2016,August,"1,815,930.73","1,803,260.48","3,619,191.22",50.17504242,49.8249573,Higher Internal debt,"7,289.09",0.403014607,Increase,"5,564.10",0.31,Increase,"12,853.20",0.3564058590,Increase,65
2016,July,"1,808,641.64","1,797,696.38","3,606,338.02",50.15175033,49.84824967,Higher Internal debt,"-6,828.86",-0.376148222,Decrease,"-5,559.92",-0.31,Decrease,"-12,388.78",-0.3423519012,Decrease,66
2016,June,"1,815,470.50","1,803,256.30","3,618,726.80",50.16876378,49.83123622,Higher Internal debt,"65,143.72",3.721803308,Increase,"122,624.47",7.30,Increase,"187,768.19",5.4727617364,Increase,67
2016,May,"1,750,326.78","1,680,631.83","3,430,958.61",51.01567751,48.98432249,Higher Internal debt,"61,287.53",3.62854386,Increase,"-4,637.33",-0.28,Decrease,"56,650.20",1.6788684707,Decrease,68
2016,April,"1,689,039.25","1,685,269.16","3,374,308.41",50.05586463,49.94413537,Higher Internal debt,"42,511.77",2.581904676,Increase,"19,691.12",1.18,Increase,"62,202.89",1.8780467477,Increase,69
2016,March,"1,646,527.48","1,665,578.04","3,312,105.52",49.71241013,50.28758987,Higher external debt,"41,299.50",2.572812119,Decrease,"19,022.83",1.16,Increase,"60,322.33",1.8550538728,Decrease,70
2016,February,"1,605,227.98","1,646,555.21","3,251,783.19",49.36454512,50.63545488,Higher external debt,"82,458.10",5.415007289,Increase,"-8,189.28",-0.49,Decrease,"74,268.81",2.3373241194,Increase,71
2016,January,"1,522,769.88","1,654,744.49","3,177,514.38",47.92330413,52.07669556,Higher external debt,"-17,809.25",-1.156010078,Decrease,"39,560.29",2.45,Decrease,"21,751.05",0.6892484551,Decrease,72
2015,December,"1,540,579.13","1,615,184.20","3,155,763.33",48.81795524,51.18204476,Higher external debt,"24,205.66",1.596286171,Decrease,"52,668.64",3.37,Decrease,"76,874.29",2.4968191124,Decrease,73
2015,November,"1,516,373.47","1,562,515.56","3,078,889.04",49.25066965,50.74933002,Higher external debt,"62,128.08",4.272186828,Decrease,"71,801.80",4.82,Increase,"133,929.89",4.5477673264,Increase,74
2015,October,"1,454,245.39","1,490,713.76","2,944,959.15",49.38083403,50.61916597,Higher external debt,"65,983.08",4.75292598,Increase,"-59,518.98",-3.84,Decrease,"6,464.10",0.2199799520,Increase,75
2015,September,"1,388,262.31","1,550,232.74","2,938,495.05",47.24399008,52.75600992,Higher external debt,"-14,837.89",-1.057507511,Increase,"19,554.13",1.28,Decrease,"4,716.23",0.1607561541,Decrease,76
2015,August,"1,403,100.20","1,530,678.61","2,933,778.82",47.82569805,52.17430161,Higher external debt,"-15,468.03",-1.090397323,Decrease,"57,534.91",3.91,Decrease,"42,066.89",1.4547399955,Decrease,77
2015,July,"1,418,568.23","1,473,143.70","2,891,711.93",49.0563467,50.9436533,Higher external debt,"-1,876.15",-0.132081905,Decrease,"64,530.11",4.58,Increase,"62,653.96",2.2146580475,Increase,78
2015,June,"1,420,444.38","1,408,613.59","2,829,057.97",50.20909416,49.79090584,Higher Internal debt,"12,633.19",0.897363943,Increase,"27,456.61",1.99,Decrease,"40,089.79",1.4374416419,Decrease,79
2015,May,"1,407,811.19","1,381,156.98","2,788,968.18",50.47785056,49.52214908,Higher Internal debt,"-7,620.32",-0.538374336,Decrease,"54,321.79",4.09,Increase,"46,701.47",1.7030243568,Decrease,80
2015,April,"1,415,431.51","1,326,835.19","2,742,266.71",51.61538463,48.384615,Higher Internal debt,"18,305.79",1.310246439,Decrease,"48,727.32",3.81,Increase,"67,033.12",2.5056922226,Increase,81
2015,March,"1,397,125.72","1,278,107.87","2,675,233.59",52.22443846,47.77556154,Higher Internal debt,"43,823.07",3.2382313,Increase,"-18,640.59",-1.44,Decrease,"25,182.48",0.9502639366,Decrease,82
2015,February,"1,353,302.65","1,296,748.46","2,650,051.11",51.06703961,48.93296039,Higher Internal debt,"18,659.85",1.398115661,Decrease,"133,397.67",11.47,Increase,"152,057.52",6.0871861565,Increase,83
2015,January,"1,334,642.80","1,163,350.79","2,497,993.59",53.42859186,46.57140814,Higher Internal debt,"26,894.09",2.056518182,Increase,"-7,345.49",-0.63,Decrease,"19,548.60",0.7887445587,Decrease,84
2014,December,"1,307,748.71","1,170,696.28","2,478,444.99",52.76488747,47.23511253,Higher Internal debt,"4,385.40",0.336467965,Decrease,"81,744.74",7.51,Increase,"86,130.14",3.6002844692,Increase,85
2014,November,"1,303,363.31","1,088,951.54","2,392,314.85",54.48126153,45.51873847,Higher Internal debt,"48,449.89",3.860815354,Increase,119.39,0.01,Decrease,"48,569.28",2.0722931969,Increase,86
2014,October,"1,254,913.42","1,088,832.15","2,343,745.57",53.54307379,46.45692621,Higher Internal debt,"-5,961.14",-0.472778196,Increase,"1,004.48",0.09,Increase,"-4,956.66",-0.2110382464,Increase,87
2014,September,"1,260,874.56","1,087,827.67","2,348,702.23",53.68388312,46.31611688,Higher Internal debt,"-20,219.10",-1.57826868,Decrease,"-3,156.65",-0.29,Decrease,"-23,375.75",-0.9854545338,Decrease,88
2014,August,"1,281,093.66","1,090,984.32","2,372,077.98",54.00723209,45.99276791,Higher Internal debt,"-15,351.07",-1.184089815,Decrease,"1,328.55",0.12,Decrease,"-14,022.52",-0.5876751629,Decrease,89
2014,July,"1,296,444.73","1,089,655.77","2,386,100.50",54.33319887,45.66680113,Higher Internal debt,"12,117.48",0.943488507,Decrease,"3,727.20",0.34,Decrease,"15,844.68",0.6684797424,Decrease,90
2014,June,"1,284,327.25","1,085,928.57","2,370,255.82",54.18517441,45.81482559,Higher Internal debt,"52,285.70",4.24382603,Increase,"128,035.34",13.37,Increase,"180,321.04",8.2340826607,Increase,91
2014,May,"1,232,041.55","957,893.23","2,189,934.78",56.25928047,43.74071953,Higher Internal debt,"15,282.32",1.255985541,Increase,"6,912.08",0.73,Decrease,"22,194.39",1.0238490782,Increase,92
2014,April,"1,216,759.23","950,981.15","2,167,740.39",56.13030212,43.86969742,Higher Internal debt,"-14,423.87",-1.171545483,Decrease,"10,578.16",1.12,Increase,"-3,845.70",-0.1770917588,Decrease,93
2014,March,"1,231,183.10","940,402.99","2,171,586.09",56.69510897,43.30489103,Higher Internal debt,"1,766.82",0.143712104,Decrease,"3,074.64",0.33,Decrease,"4,841.46",0.2234439598,Decrease,94
2014,February,"1,229,416.28","937,328.35","2,166,744.63",56.74024816,43.25975184,Higher Internal debt,"28,514.42",2.374417173,Increase,"16,827.64",1.83,Increase,"45,342.07",2.1373628398,Increase,95
2014,January,"1,200,901.86","920,500.71","2,121,402.56",56.60886258,43.39113789,Higher Internal debt,"11,719.27",0.985489537,Decrease,"-1,868.44",-0.20,Decrease,"9,850.82",0.4665204178,Decrease,96
2013,December,"1,189,182.59","922,369.15","2,111,551.74",56.31794701,43.68205299,Higher Internal debt,"19,129.37",1.634914521,Increase,"10,134.84",1.11,Decrease,"29,264.20",1.4053870773,Increase,97
2013,November,"1,170,053.22","912,234.31","2,082,287.54",56.19076124,43.80923828,Higher Internal debt,"-4,729.05",-0.402546933,Decrease,"24,243.08",2.73,Increase,"19,514.04",0.9460098261,Increase,98
2013,October,"1,174,782.27","887,991.23","2,062,773.50",56.95158824,43.04841176,Higher Internal debt,"6,666.91",0.570740719,Decrease,"-1,322.28",-0.15,Decrease,"5,344.63",0.2597722856,Decrease,99
2013,September,"1,168,115.36","889,313.51","2,057,428.87",56.77549183,43.22450817,Higher Internal debt,"51,439.14",4.60645074,Increase,"1,753.51",0.20,Decrease,"53,192.65",2.6540110127,Increase,100
2013,August,"1,116,676.22","887,560.00","2,004,236.22",55.71579881,44.28420119,Higher Internal debt,"38,072.22",3.529768108,Increase,"12,330.00",1.41,Decrease,"50,402.22",2.5796572278,Decrease,101
2013,July,"1,078,604.00","875,230.00","1,953,834.00",55.20448513,44.79551487,Higher Internal debt,"27,975.43",2.662732653,Increase,"31,667.73",3.75,Increase,"59,643.16",3.1487408101,Increase,102
2013,June,"1,050,628.57","843,562.27","1,894,190.84",55.46582466,44.53417534,Higher Internal debt,"-24,169.12",-2.24871343,Decrease,"11,324.13",1.36,Decrease,"-12,844.98",-0.6735573535,Decrease,103
2013,May,"1,074,797.69","832,238.14","1,907,035.82",56.35959633,43.6404042,Higher Internal debt,"9,188.30",0.862257792,Decrease,"15,441.58",1.89,Increase,"24,629.87",1.3084249973,Decrease,104
2013,April,"1,065,609.39","816,796.56","1,882,405.95",56.60890468,43.39109532,Higher Internal debt,"83,698.46",8.524037919,Increase,"4,096.39",0.50,Increase,"87,794.85",4.8921379122,Increase,105
2013,March,"981,910.93","812,700.17","1,794,611.10",54.71441306,45.28558694,Higher Internal debt,"38,160.75",4.043522408,Increase,"-13,567.51",-1.64,Decrease,"24,593.24",1.3894345676,Increase,106
2013,February,"943,750.18","826,267.68","1,770,017.86",53.3186812,46.6813188,Higher Internal debt,"-34,585.73",-3.535159003,Decrease,"-7,341.78",-0.88,Decrease,"-41,927.51",-2.3139500061,Decrease,107
2013,January,"978,335.91","833,609.46","1,811,945.37",53.99367587,46.00632413,Higher Internal debt,"7,070.47",0.727964747,Decrease,"11,636.64",1.42,Increase,"18,707.11",1.0432027030,Increase,108
2012,December,"971,265.44","821,972.82","1,793,238.26",54.16265433,45.83734567,Higher Internal debt,"12,826.76",1.338297407,Decrease,"-2,610.30",-0.32,Decrease,"10,216.46",0.5729857033,Decrease,109
2012,November,"958,438.68","824,583.12","1,783,021.80",53.75361535,46.24638465,Higher Internal debt,"29,117.06",3.133152116,Increase,"12,275.28",1.51,Increase,"41,392.34",2.3766444557,Increase,110
2012,October,"929,321.62","812,307.84","1,741,629.46",53.35931904,46.64068096,Higher Internal debt,"7,125.43",0.772658798,Decrease,"9,850.51",1.23,Decrease,"16,975.94",0.9843101703,Decrease,111
2012,September,"922,196.19","802,457.33","1,724,653.52",53.47138885,46.52861115,Higher Internal debt,"20,261.92",2.2464963,Decrease,"30,697.33",3.98,Increase,"50,959.25",3.0447167630,Increase,112
2012,August,"901,934.27","771,760.00","1,673,694.27",53.8888306,46.1111694,Higher Internal debt,"29,773.75",3.413792452,Increase,"4,370.00",0.57,Increase,"34,143.75",2.0825067348,Increase,113
2012,July,"872,160.52","767,390.00","1,639,550.52",53.19509886,46.80490114,Higher Internal debt,"13,330.97",1.552225351,Increase,"-7,160.00",-0.92,Decrease,"6,170.97",0.3778037995,Decrease,114
2012,June,"858,829.55","774,550.00","1,633,379.55",52.57991322,47.42008678,Higher Internal debt,"-30,227.26",-3.399924466,Decrease,"53,510.00",7.42,Increase,"23,282.74",1.4460459679,Increase,115
2012,May,"889,056.81","721,040.00","1,610,096.81",55.21759962,44.78240038,Higher Internal debt,"-6,979.91",-0.778975888,Decrease,"20,140.00",2.87,Decrease,"13,160.09",0.8240833738,Decrease,116
2012,April,"896,036.72","700,900.00","1,596,936.72",56.10971986,43.89028014,Higher Internal debt,"8,165.32",0.919651202,Decrease,"24,570.00",3.63,Increase,"32,735.32",2.0927816584,Increase,117
2012,March,"887,871.40","676,330.00","1,564,201.40",56.76196173,43.23803827,Higher Internal debt,"10,578.68",1.205832416,Decrease,"13,280.00",2.00,Increase,"23,858.68",1.5489202299,Decrease,118
2012,February,"877,292.72","663,050.00","1,540,342.72",56.9543848,43.0456152,Higher Internal debt,"68,014.61",8.404355581,Increase,"-23,668.48",-3.45,Decrease,"44,346.13",2.9643202596,Increase,119
2012,January,"809,278.11","686,718.48","1,495,996.59",54.09625366,45.90374634,Higher Internal debt,"9,398.05",1.174932402,Increase,"1,110.56",0.16,Increase,"10,508.61",0.7074180432,Increase,120
2011,December,"799,880.06","685,607.92","1,485,487.98",53.84628289,46.15371711,Higher Internal debt,"-4,014.28",-0.499354181,Decrease,"-43,037.33",-5.91,Increase,"-47,051.61",-3.0701725624,Increase,121
2011,November,"803,894.34","728,645.25","1,532,539.59",52.45504555,47.54495445,Higher Internal debt,"9,328.78",1.174073037,Decrease,"-81,366.35",-10.05,Decrease,"-72,037.57",-4.4895048861,Decrease,122
2011,October,"794,565.56","810,011.60","1,604,577.16",49.51868815,50.48131185,Higher external debt,"30,290.97",3.963362173,Increase,"10,177.57",1.27,Decrease,"40,468.54",2.5873228676,Increase,123
2011,September,"764,274.59","799,834.03","1,564,108.62",48.8632682,51.1367318,Higher external debt,"-12,578.01",-1.619098655,Decrease,"31,323.18",4.08,Increase,"18,745.17",1.2129942636,Decrease,124
2011,August,"776,852.60","768,510.85","1,545,363.45",50.26989606,49.73010394,Higher Internal debt,"-4,860.43",-0.621766532,Decrease,"24,024.25",3.23,Increase,"19,163.82",1.2556561818,Decrease,125
2011,July,"781,713.03","744,486.60","1,526,199.63",51.21957932,48.78042068,Higher Internal debt,"17,490.23",2.288629703,Decrease,"21,598.29",2.99,Decrease,"39,088.52",2.6284868519,Decrease,126
2011,June,"764,222.80","722,888.31","1,487,111.11",51.38975796,48.61024204,Higher Internal debt,"17,648.07",2.363871866,Increase,"47,001.19",6.95,Increase,"64,649.26",4.5448853338,Increase,127
2011,May,"746,574.73","675,887.12","1,422,461.85",52.48469265,47.51530735,Higher Internal debt,"11,114.67",1.511254058,Increase,"23,211.39",3.56,Increase,"34,326.06",2.4728171586,Increase,128
2011,April,"735,460.06","652,675.73","1,388,135.79",52.98185273,47.01814727,Higher Internal debt,"-18,588.04",-2.465100038,Decrease,"9,827.81",1.53,Decrease,"-8,760.23",-0.6271211224,Decrease,129
2011,March,"754,048.10","642,847.92","1,396,896.02",53.98025975,46.01974025,Higher Internal debt,"7,377.82",0.988096111,Decrease,"12,447.89",1.97,Decrease,"19,825.71",1.4397020875,Decrease,130
2011,February,"746,670.28","630,400.03","1,377,070.31",54.22165263,45.77834737,Higher Internal debt,"16,472.51",2.255897056,Increase,"14,795.05",2.40,Decrease,"31,267.56",2.3233389886,Increase,131
2011,January,"730,197.77","615,604.98","1,345,802.75",54.25741402,45.74258598,Higher Internal debt,"9,989.80",1.38707157,Increase,"15,674.52",2.61,Increase,"25,664.32",1.9440627904,Increase,132
2010,December,"720,207.97","599,930.46","1,320,138.43",54.55548855,45.44451145,Higher Internal debt,"8,758.99",1.231148016,Decrease,679.00,0.11,Decrease,"9,437.99",0.7200722386,Decrease,133
2010,November,"711,448.98","599,251.46","1,310,700.44",54.2800596,45.7199404,Higher Internal debt,"15,316.33",2.200202792,Increase,"1,171.00",0.20,Decrease,"16,487.33",1.2739269810,Increase,134
2010,October,"696,132.65","598,080.46","1,294,213.11",53.78810063,46.21189937,Higher Internal debt,"-8,570.12",-1.216132583,Decrease,"3,857.46",0.65,Decrease,"-4,712.66",-0.3628121105,Decrease,135
2010,September,"704,702.77","594,223.00","1,298,925.77",54.25273609,45.74726391,Higher Internal debt,"6,655.42",0.95343389,Decrease,"28,056.12",4.96,Increase,"34,711.54",2.7457007821,Increase,136
2010,August,"698,047.35","566,166.88","1,264,214.23",55.21590672,44.78409328,Higher Internal debt,"30,243.93",4.528867193,Increase,"3,224.93",0.57,Increase,"33,468.86",2.7193975956,Increase,137
2010,July,"667,803.42","562,941.95","1,230,745.37",54.26007981,45.73992019,Higher Internal debt,"7,535.74",1.141315898,Decrease,"-2,510.05",-0.44,Decrease,"5,025.69",0.4100195242,Decrease,138
2010,June,"660,267.68","565,452.00","1,225,719.68",53.86775547,46.13224453,Higher Internal debt,"10,005.72",1.53872141,Increase,"23,475.29",4.33,Increase,"33,481.01",2.8082472782,Increase,139
2010,May,"650,261.96","541,976.71","1,192,238.67",54.54125725,45.45874275,Higher Internal debt,"-3,352.46",-0.512910961,Decrease,"4,551.87",0.85,Increase,"1,199.41",0.1007028097,Decrease,140
2010,April,"653,614.42","537,424.84","1,191,039.26",54.87765533,45.12234467,Higher Internal debt,"14,498.10",2.268460302,Decrease,-733.15,-0.14,Decrease,"13,764.95",1.1692219802,Decrease,141
2010,March,"639,116.32","538,157.99","1,177,274.31",54.28779976,45.71220024,Higher Internal debt,"31,603.71",5.202148808,Increase,"12,788.81",2.43,Increase,"44,392.52",3.9185482891,Increase,142
2010,February,"607,512.61","525,369.18","1,132,881.79",53.62541929,46.37458071,Higher Internal debt,"26,791.14",4.613423368,Increase,-183.57,-0.03,Increase,"26,607.57",2.4051514099,Increase,143
2010,January,"580,721.47","525,552.75","1,106,274.22",52.49344688,47.50655312,Higher Internal debt,"-8,248.84",-1.400552771,Decrease,"-63,417.56",-10.77,Decrease,"-71,666.41",-6.0840426228,Decrease,144
2009,December,"588,970.31","588,970.31","1,177,940.63",49.99999958,49.99999958,Higher external debt,"26,043.52",4.62644885,Increase,"67,737.83",13.00,Increase,"93,781.37",8.6501470273,Increase,145
2009,November,"562,926.79","521,232.48","1,084,159.26",51.92288723,48.07711369,Higher Internal debt,"-4,198.34",-0.7402846,Decrease,"-2,667.18",-0.51,Decrease,"-6,865.53",-0.6292735108,Decrease,146
2009,October,"567,125.13","523,899.66","1,091,024.79",51.98095728,48.01904272,Higher Internal debt,"16,511.33",2.998713436,Increase,"-1,082.94",-0.21,Increase,"15,428.39",1.4344032762,Increase,147
2009,September,"550,613.80","524,982.60","1,075,596.40",51.19148781,48.80851219,Higher Internal debt,"3,431.44",0.627110859,Decrease,"-5,092.79",-0.96,Decrease,"-1,661.35",-0.1542202876,Decrease,148
2009,August,"547,182.36","530,075.39","1,077,257.75",50.79400543,49.20599457,Higher Internal debt,"16,781.39",3.163906356,Increase,"-2,069.12",-0.39,Increase,"14,712.27",1.3846249668,Increase,149
2009,July,"530,400.97","532,144.51","1,062,545.48",49.91795457,50.08204543,Higher external debt,"12,054.82",2.325631241,Decrease,"-2,999.19",-0.56,Decrease,"9,055.64",0.8595849391,Decrease,150
2009,June,"518,346.15","535,143.70","1,053,489.84",49.20276687,50.79723408,Higher external debt,"29,111.76",5.950472942,Increase,"17,214.60",3.32,Increase,"46,326.35",4.5996852011,Increase,151
2009,May,"489,234.39","517,929.10","1,007,163.49",48.57546911,51.42453089,Higher external debt,"-8,215.77",-1.651576512,Decrease,"5,947.51",1.16,Increase,"-2,268.26",-0.2247066233,Decrease,152
2009,April,"497,450.16","511,981.59","1,009,431.75",49.28021731,50.71978269,Higher external debt,"22,700.35",4.781539565,Increase,"-1,641.41",-0.32,Decrease,"21,058.94",2.1306676779,Increase,153
2009,March,"474,749.81","513,623.00","988,372.81",48.03347534,51.96652466,Higher external debt,"-4,146.62",-0.865869892,Decrease,"-1,012.34",-0.20,Decrease,"-5,158.96",-0.5192546586,Decrease,154
2009,February,"478,896.43","514,635.34","993,531.77",48.20142088,51.79857912,Higher external debt,"24,629.99",5.421925952,Increase,"2,159.69",0.42,Increase,"26,789.67",2.7711289288,Increase,155
2009,January,"454,266.44","512,475.65","966,742.10",46.98941321,53.01058576,Higher external debt,"-1,961.47",-0.429932049,Decrease,"-4,195.68",-0.81,Decrease,"-6,157.15",-0.6328661472,Decrease,156
2008,December,"456,227.91","516,671.33","972,899.25",46.89364392,53.10635505,Higher external debt,"4,835.81",1.071310287,Increase,"66,422.98",14.75,Increase,"71,258.80",7.9032390350,Increase,157
2008,November,"451,392.10","450,248.35","901,640.45",50.06342606,49.93657394,Higher Internal debt,"-3,293.87",-0.724427455,Decrease,"15,760.76",3.63,Increase,"12,466.89",1.4020761031,Increase,158
2008,October,"454,685.97","434,487.59","889,173.56",51.13579513,48.86420487,Higher Internal debt,"5,352.13",1.191125511,Decrease,"1,533.57",0.35,Increase,"6,885.70",0.7804368973,Decrease,159
2008,September,"449,333.84","432,954.02","882,287.86",50.92825827,49.07174173,Higher Internal debt,"15,844.48",3.6551024,Increase,-716.71,-0.17,Decrease,"15,127.77",1.7445187082,Increase,160
2008,August,"433,489.36","433,670.73","867,160.09",49.9895423,50.0104577,Higher external debt,"5,341.23",1.247519171,Increase,861.78,0.20,Increase,"6,203.02",0.7204795937,Increase,161
2008,July,"428,148.13","432,808.95","860,957.07",49.7293239,50.27067726,Higher external debt,"-2,463.60",-0.572116324,Increase,"-7,158.05",-1.63,Decrease,"-9,621.66",-1.1052027425,Decrease,162
2008,June,"430,611.73","439,967.00","870,578.73",49.46269822,50.53730178,Higher external debt,"-12,073.02",-2.727227446,Decrease,"10,322.34",2.40,Increase,"-1,750.68",-0.2006902415,Decrease,163
2008,May,"442,684.75","429,644.66","872,329.41",50.74742923,49.25257077,Higher Internal debt,"4,813.81",1.099367316,Increase,"3,651.88",0.86,Increase,"8,465.69",0.9799798051,Increase,164
2008,April,"437,870.94","425,992.78","863,863.72",50.68750196,49.31249804,Higher Internal debt,"-6,865.43",-1.543707793,Decrease,905.89,0.21,Increase,"-5,959.54",-0.6851437843,Decrease,165
2008,March,"444,736.37","425,086.89","869,823.26",51.12950992,48.87049008,Higher Internal debt,"10,114.98",2.327308373,Increase,-889.29,-0.21,Decrease,"9,225.69",1.0720097664,Increase,166
2008,February,"434,621.39","425,976.18","860,597.57",50.50227948,49.49772052,Higher Internal debt,"2,437.49",0.563993707,Increase,"1,771.16",0.42,Decrease,"4,208.65",0.4914414353,Decrease,167
2008,January,"432,183.90","424,205.02","856,388.92",50.46584442,49.53415558,Higher Internal debt,"-5,875.21",-1.341191147,Decrease,"17,282.02",4.25,Increase,"11,406.81",1.3499469237,Increase,168
2007,December,"438,059.11","406,923.00","844,982.11",51.84241238,48.15758762,Higher Internal debt,"11,996.67",2.815707012,Increase,"-17,320.21",-4.08,Decrease,"-5,323.55",-0.6260748635,Decrease,169
2007,November,"426,062.44","424,243.21","850,305.66",50.10697447,49.89302435,Higher Internal debt,"7,574.30",1.80991987,Increase,"4,504.37",1.07,Decrease,"12,078.67",1.4409784156,Increase,170
2007,October,"418,488.14","419,738.84","838,226.99",49.92539551,50.0746033,Higher external debt,"-8,333.22",-1.952390574,Decrease,"11,058.05",2.71,Increase,"2,724.85",0.3261332161,Decrease,171
2007,September,"426,821.36","408,680.79","835,502.14",51.08560943,48.91439177,Higher Internal debt,"10,906.32",2.622247082,Increase,-385.33,-0.09,Increase,"10,520.98",1.2752994262,Increase,172
2007,August,"415,915.04","409,066.12","824,981.16",50.41509554,49.58490446,Higher Internal debt,"5,686.03",1.386062385,Increase,"-1,446.63",-0.35,Decrease,"4,239.39",0.5165315273,Decrease,173
2007,July,"410,229.01","410,512.75","820,741.77",49.98271381,50.01728497,Higher external debt,"5,538.90",1.368676887,Decrease,"13,948.75",3.52,Increase,"19,487.66",2.4321447786,Increase,174
2007,June,"404,690.11","396,564.00","801,254.11",50.50708695,49.49291305,Higher Internal debt,"13,894.50",3.555439121,Increase,"-23,179.45",-5.52,Decrease,"-9,284.95",-1.1455277677,Decrease,175
2007,May,"390,795.61","419,743.45","810,539.06",48.2142847,51.7857153,Higher external debt,303.72,0.077778824,Decrease,-521.78,-0.12,Decrease,-218.06,-0.0268958477,Decrease,176
2007,April,"390,491.89","420,265.23","810,757.12",48.16385578,51.83614422,Higher external debt,"4,204.15",1.088346733,Increase,"11,209.49",2.74,Increase,"15,413.64",1.9379853343,Increase,177
2007,March,"386,287.74","409,055.74","795,343.48",48.56866872,51.43133128,Higher external debt,462.81,0.119953368,Decrease,"-7,454.67",-1.79,Decrease,"-6,991.86",-0.8714386182,Decrease,178
2007,February,"385,824.93","416,510.41","802,335.34",48.08773972,51.91226028,Higher external debt,"7,697.32",2.035640825,Increase,-957.32,-0.23,Decrease,"6,740.00",0.8471643386,Increase,179
2007,January,"378,127.61","417,467.73","795,595.34",47.52763006,52.47236994,Higher external debt,"-6,993.61",-1.815950313,Decrease,"9,725.18",2.39,Increase,"2,731.57",0.3445194627,Increase,180
2006,December,"385,121.22","407,742.55","792,863.77",48.57344156,51.42655844,Higher external debt,"4,086.37",1.072439962,Decrease,"-17,190.52",-4.05,Decrease,"-13,104.15",-1.6258897749,Decrease,181
2006,November,"381,034.85","424,933.07","805,967.92",47.27667697,52.72332303,Higher external debt,"5,510.83",1.467503996,Increase,518.98,0.12,Decrease,"6,029.81",0.7537845647,Increase,182
2006,October,"375,524.02","424,414.09","799,938.11",46.94413422,53.05586578,Higher external debt,"3,932.55",1.05829932,Increase,"1,766.16",0.42,Increase,"5,698.70",0.7175040584,Increase,183
2006,September,"371,591.47","422,647.93","794,239.41",46.7858262,53.21417254,Higher external debt,"3,628.16",0.98601135,Increase,"-8,447.70",-1.96,Decrease,"-4,819.53",-0.6031507513,Decrease,184
2006,August,"367,963.31","431,095.63","799,058.94",46.04958303,53.95041697,Higher external debt,"3,127.60",0.857262574,Decrease,427.79,0.10,Increase,"3,555.38",0.4469345178,Decrease,185
2006,July,"364,835.71","430,667.84","795,503.56",45.86223473,54.13776401,Higher external debt,"6,996.76",1.955281838,Decrease,-568.99,-0.13,Decrease,"6,427.78",0.8145960328,Decrease,186
2006,June,"357,838.95","431,236.83","789,075.78",45.3491235,54.6508765,Higher external debt,"8,349.02",2.388915755,Increase,"24,743.14",6.09,Increase,"33,092.15",4.3773633035,Increase,187
2006,May,"349,489.93","406,493.69","755,983.63",46.22982775,53.77017092,Higher external debt,"1,269.57",0.364588102,Decrease,-38.08,-0.01,Increase,"1,231.50",0.1631661510,Decrease,188
2006,April,"348,220.36","406,531.77","754,752.13",46.13704899,53.86295101,Higher external debt,"2,156.32",0.623098546,Decrease,-471.94,-0.12,Decrease,"1,684.38",0.2236691187,Decrease,189
2006,March,"346,064.04","407,003.71","753,067.75",45.95390521,54.04609479,Higher external debt,"7,450.81",2.200389512,Increase,-128.73,-0.03,Increase,"7,322.08",0.9818468004,Increase,190
2006,February,"338,613.23","407,132.44","745,745.67",45.40599344,54.59400656,Higher external debt,"4,662.39",1.39613064,Increase,-412.19,-0.10,Increase,"4,250.20",0.5731929826,Increase,191
2006,January,"333,950.84","407,544.63","741,495.47",45.03747541,54.96252459,Higher external debt,"-1,051.05",-0.313744499,Decrease,"-1,057.29",-0.26,Increase,"-2,108.34",-0.2835300158,Increase,192
2005,December,"335,001.89","408,601.92","743,603.81",45.05112608,54.94887392,Higher external debt,"1,500.41",0.449896054,Increase,"-9,295.97",-2.22,Decrease,"-7,795.57",-1.0374735736,Decrease,193
2005,November,"333,501.48","417,897.89","751,399.38",44.38405046,55.61594821,Higher external debt,775.83,0.233174088,Decrease,-519.60,-0.12,Decrease,256.24,0.0341133382,Decrease,194
2005,October,"332,725.65","418,417.49","751,143.14",44.29590477,55.70409523,Higher external debt,"3,925.67",1.193938637,Increase,-442.84,-0.11,Increase,"3,482.83",0.4658305321,Increase,195
2005,September,"328,799.98","418,860.33","747,660.31",43.97718798,56.02281202,Higher external debt,"3,419.45",1.050907994,Increase,"-15,990.36",-3.68,Decrease,"-12,570.92",-1.6535653238,Decrease,196
2005,August,"325,380.53","434,850.69","760,231.23",42.80020567,57.19979302,Higher external debt,"1,353.11",0.417591203,Decrease,-549.21,-0.13,Decrease,803.91,0.1058573979,Decrease,197
2005,July,"324,027.42","435,399.90","759,427.32",42.6673378,57.3326622,Higher external debt,"8,454.92",2.679232189,Decrease,"1,424.25",0.33,Decrease,"9,879.17",1.3180167278,Decrease,198
2005,June,"315,572.50","433,975.65","749,548.15",42.1016982,57.8983018,Higher external debt,"10,596.85",3.474654452,Increase,"10,499.20",2.48,Increase,"21,096.05",2.8960105956,Increase,199
2005,May,"304,975.65","423,476.45","728,452.10",41.86625998,58.13374002,Higher external debt,"-2,184.97",-0.711344443,Decrease,-869.24,-0.20,Decrease,"-3,054.21",-0.4175233977,Decrease,200
2005,April,"307,160.62","424,345.69","731,506.31",41.99015317,58.00984683,Higher external debt,"10,830.40",3.654841548,Increase,-511.39,-0.12,Increase,"10,319.01",1.4308363445,Increase,201
2005,March,"296,330.22","424,857.08","721,187.30",41.08921774,58.91078226,Higher external debt,"4,102.89",1.404006258,Increase,"-20,687.50",-4.64,Decrease,"-16,584.61",-2.2479318845,Decrease,202
2005,February,"292,227.33","445,544.58","737,771.91",39.60944108,60.39055892,Higher external debt,"1,004.67",0.344983457,Increase,-681.55,-0.15,Decrease,323.11,0.0438145672,Decrease,203
2005,January,"291,222.66","446,226.13","737,448.80",39.49055989,60.50943876,Higher external debt,"-4,151.78",-1.405598941,Increase,"6,233.18",1.42,Increase,"2,081.41",0.2830435546,Increase,204
2004,December,"295,374.44","439,992.95","735,367.39",40.16692119,59.83307881,Higher external debt,"-7,169.47",-2.369728744,Decrease,"-14,671.47",-3.23,Decrease,"-21,840.94",-2.8844030282,Decrease,205
2004,November,"302,543.91","454,664.42","757,208.33",39.95517456,60.04482544,Higher external debt,"1,002.61",0.332495084,Decrease,124.47,0.03,Increase,"1,127.08",0.1490686351,Decrease,206
2004,October,"301,541.30","454,539.95","756,081.25",39.88212907,60.11787093,Higher external debt,"1,795.72",0.599081394,Increase,101.39,0.02,Decrease,"1,897.11",0.2515446692,Decrease,207
2004,September,"299,745.58","454,438.56","754,184.14",39.74434944,60.25565056,Higher external debt,"-1,932.76",-0.640669131,Decrease,"9,977.90",2.24,Increase,"8,045.15",1.0782374474,Increase,208
2004,August,"301,678.34","444,460.66","746,138.99",40.43192274,59.5680786,Higher external debt,"-1,783.78",-0.587809773,Increase,-150.34,-0.03,Decrease,"-1,934.13",-0.2585482553,Decrease,209
2004,July,"303,462.12","444,611.00","748,073.12",40.56583667,59.43416333,Higher external debt,"-2,772.54",-0.905364533,Decrease,"1,453.57",0.33,Decrease,"-1,318.97",-0.1760053272,Decrease,210
2004,June,"306,234.66","443,157.43","749,392.09",40.86441051,59.13558949,Higher external debt,"6,887.37",2.300795842,Increase,"34,609.89",8.47,Increase,"41,497.26",5.8620656970,Increase,211
2004,May,"299,347.29","408,547.54","707,894.83",42.2869722,57.7130278,Higher external debt,"-1,830.08",-0.607641935,Decrease,"-1,402.79",-0.34,Increase,"-3,232.87",-0.4546117385,Decrease,212
2004,April,"301,177.37","409,950.33","711,127.70",42.35207966,57.64792034,Higher external debt,-846.21,-0.28018011,Decrease,"-2,085.75",-0.51,Decrease,"-2,931.96",-0.4106043464,Decrease,213
2004,March,"302,023.58","412,036.08","714,059.66",42.29668709,57.70331291,Higher external debt,"1,115.66",0.370764585,Decrease,"4,618.46",1.13,Increase,"5,734.12",0.8095317303,Increase,214
2004,February,"300,907.92","407,417.62","708,325.54",42.48158552,57.51841448,Higher external debt,"1,206.66",0.40262093,Increase,"-1,740.64",-0.43,Decrease,-533.98,-0.0753294531,Increase,215
2004,January,"299,701.26","409,158.26","708,859.52",42.27935882,57.72064118,Higher external debt,"-1,489.32",-0.494477616,Increase,-990.74,-0.24,Decrease,"-2,480.06",-0.3486464229,Decrease,216
2003,December,"301,190.58","410,149.00","711,339.58",42.34132171,57.65867829,Higher external debt,"-2,357.83",-0.776755839,Decrease,"3,556.75",0.87,Increase,"1,198.93",0.1688299353,Increase,217
2003,November,"303,548.41","406,592.25","710,140.65",42.74482949,57.25517192,Higher external debt,"1,629.45",0.539697805,Increase,"-2,767.60",-0.68,Decrease,"-1,138.17",-0.1600174176,Increase,218
2003,October,"301,918.96","409,359.85","711,278.82",42.44734294,57.55265565,Higher external debt,"-1,333.09",-0.439598018,Decrease,"-1,707.15",-0.42,Decrease,"-3,040.23",-0.4256123367,Decrease,219
2003,September,"303,252.05","411,067.00","714,319.05",42.4533057,57.5466943,Higher external debt,"7,757.54",2.625273816,Increase,"13,075.72",3.29,Increase,"20,833.26",3.0041365375,Increase,220
2003,August,"295,494.51","397,991.28","693,485.79",42.61003099,57.38996901,Higher external debt,"3,217.04",1.100680117,Increase,-541.57,-0.14,Increase,"2,675.47",0.3872944457,Increase,221
2003,July,"292,277.47","398,532.85","690,810.32",42.30936648,57.69063352,Higher external debt,"2,900.50",1.00232579,Decrease,"-8,520.15",-2.09,Decrease,"-5,619.65",-0.8069224821,Decrease,222
2003,June,"289,376.97","407,053.00","696,429.97",41.55148148,58.44851852,Higher external debt,"8,447.99",3.007162166,Increase,"45,321.80",12.53,Increase,"53,769.79",8.3667530171,Increase,223
2003,May,"280,928.98","361,731.20","642,660.18",43.71345678,56.28654322,Higher external debt,"4,845.54",1.755099835,Decrease,"-1,874.23",-0.52,Decrease,"2,971.30",0.4644914259,Decrease,224
2003,April,"276,083.44","363,605.43","639,688.88",43.15901818,56.84098026,Higher external debt,"5,367.16",1.982577479,Decrease,"-1,298.83",-0.36,Increase,"4,068.34",0.6400579818,Increase,225
2003,March,"270,716.28","364,904.26","635,620.54",42.59086404,57.40913596,Higher external debt,"6,523.07",2.469052857,Increase,"-2,565.14",-0.70,Decrease,"3,957.93",0.6265892483,Increase,226
2003,February,"264,193.21","367,469.40","631,662.61",41.82505119,58.17494881,Higher external debt,206.88,0.078367694,Decrease,"-1,581.69",-0.43,Decrease,"-1,374.81",-0.2171767350,Decrease,227
2003,January,"263,986.33","369,051.09","633,037.42",41.70153638,58.29846362,Higher external debt,"4,158.10",1.600326493,Decrease,-678.74,-0.18,Increase,"3,479.36",0.5526670566,Increase,228
2002,December,"259,828.23","369,729.83","629,558.06",41.27152784,58.72847216,Higher external debt,"4,635.57",1.81649817,Increase,"-1,604.88",-0.43,Increase,"3,030.69",0.4837282687,Increase,229
2002,November,"255,192.66","371,334.71","626,527.37",40.73128681,59.26871319,Higher external debt,"3,995.99",1.590781438,Increase,"-1,805.38",-0.48,Increase,"2,190.61",0.3508699376,Increase,230
2002,October,"251,196.67","373,140.09","624,336.76",40.23416305,59.76583695,Higher external debt,388.07,0.154727549,Decrease,"-1,894.10",-0.51,Decrease,"-1,506.03",-0.2406403052,Decrease,231
2002,September,"250,808.60","375,034.19","625,842.79",40.07533585,59.92466415,Higher external debt,"3,639.62",1.472522968,Decrease,"-1,834.32",-0.49,Decrease,"1,805.30",0.2892935166,Decrease,232
2002,August,"247,168.98","376,868.51","624,037.49",39.60803381,60.39196619,Higher external debt,"5,066.93",2.092890168,Decrease,155.57,0.04,Increase,"5,222.50",0.8439517601,Increase,233
2002,July,"242,102.05","376,712.94","618,814.99",39.12349473,60.87650527,Higher external debt,"6,111.05",2.589526719,Increase,"-1,035.06",-0.27,Decrease,"5,075.99",0.8270600369,Increase,234
2002,June,"235,991.00","377,748.00","613,739.00",38.45136125,61.54863875,Higher external debt,"4,218.00",1.819884111,Increase,-846.34,-0.22,Decrease,"3,371.66",0.5523984950,Increase,235
2002,May,"231,773.00","378,594.34","610,367.34",37.97270673,62.02729327,Higher external debt,"-1,376.00",-0.590180528,Decrease,118.36,0.03,Increase,"-1,257.64",-0.2056227331,Decrease,236
2002,April,"233,149.00","378,475.98","611,624.98",38.11960067,61.88039933,Higher external debt,"3,982.00",1.737597473,Increase,"-1,693.08",-0.45,Decrease,"2,288.92",0.3756416451,Increase,237
2002,March,"229,167.00","380,169.06","609,336.06",37.6092956,62.3907044,Higher external debt,"1,586.00",0.696894732,Decrease,"-1,328.41",-0.35,Decrease,257.59,0.0422917592,Decrease,238
2002,February,"227,581.00","381,497.47","609,078.47",37.36480785,62.63519215,Higher external debt,"4,870.00",2.186690375,Increase,-805.37,-0.21,Increase,"4,064.63",0.6718243007,Increase,239
2002,January,"222,711.00","382,302.84","605,013.84",36.81089345,63.18910655,Higher external debt,727.00,0.327501081,Decrease,"-1,999.74",-0.52,Increase,"-1,272.74",-0.2099238284,Decrease,240
2001,December,"221,984.00","384,302.58","606,286.58",36.61370832,63.38629168,Higher external debt,"4,460.00",2.050348467,Increase,"-2,669.34",-0.69,Decrease,"1,790.66",0.2962236701,Increase,241
2001,November,"217,524.00","386,971.92","604,495.92",35.98436198,64.01563802,Higher external debt,"-8,428.00",-3.729995751,Decrease,"-2,304.13",-0.59,Increase,"-10,732.13",-1.7444149369,Decrease,242
2001,October,"225,952.00","389,276.05","615,228.05",36.72654392,63.27345608,Higher external debt,"6,787.00",3.096753587,Increase,"-2,776.69",-0.71,Decrease,"4,010.31",0.6561180636,Decrease,243
2001,September,"219,165.00","392,052.74","611,217.74",35.85710716,64.14289284,Higher external debt,"4,398.00",2.04780064,Decrease,-283.09,-0.07,Increase,"4,114.91",0.6777945674,Decrease,244
2001,August,"214,767.00","392,335.83","607,102.83",35.37572045,64.62427955,Higher external debt,"9,755.00",4.758258053,Increase,"-1,155.53",-0.29,Decrease,"8,599.47",1.4368290263,Increase,245
2001,July,"205,012.00","393,491.36","598,503.36",34.25411012,65.74588988,Higher external debt,"-6,800.60",-3.210668298,Decrease,-486.64,-0.12,Increase,"-7,287.24",-1.2029305176,Decrease,246
2001,June,"211,812.60","393,978.00","605,790.60",34.9646561,65.0353439,Higher external debt,"8,931.72",4.402445415,Increase,"-14,122.64",-3.46,Decrease,"-5,190.92",-0.8496034381,Decrease,247
2001,May,"202,880.88","408,100.64","610,981.52",33.205731,66.794269,Higher external debt,"-7,700.56",-3.656808501,Decrease,"5,792.33",1.44,Increase,"-1,908.23",-0.3113496351,Decrease,248
2001,April,"210,581.44","402,308.31","612,889.75",34.35877986,65.64122014,Higher external debt,"9,958.86",4.963977634,Increase,"-1,065.23",-0.26,Decrease,"8,893.63",1.4724647569,Increase,249
2001,March,"200,622.58","403,373.54","603,996.12",33.21587231,66.78412769,Higher external debt,"1,085.31",0.543913425,Decrease,818.14,0.20,Increase,"1,903.45",0.3161390422,Decrease,250
2001,February,"199,537.27","402,555.40","602,092.67",33.14062435,66.85937565,Higher external debt,"6,204.32",3.209137397,Increase,"-1,090.28",-0.27,Increase,"5,114.04",0.8566537801,Increase,251
2001,January,"193,332.95","403,645.68","596,978.63",32.38523798,67.61476202,Higher external debt,667.65,0.3465336,Increase,"-1,709.63",-0.42,Decrease,"-1,041.98",-0.1742381421,Decrease,252
2000,December,"192,665.30","405,355.31","598,020.61",32.21716723,67.78283277,Higher external debt,"-3,240.70",-1.654211714,Decrease,"4,640.86",1.16,Increase,"1,400.16",0.2346818652,Increase,253
2000,November,"195,906.00","400,714.45","596,620.45",32.83595123,67.16404877,Higher external debt,342.00,0.174878812,Increase,511.42,0.13,Increase,853.42,0.1432472690,Increase,254
2000,October,"195,564.00","400,203.03","595,767.03",32.82558285,67.17441715,Higher external debt,44.00,0.022504092,Increase,404.31,0.10,Decrease,448.31,0.0753058798,Decrease,255
2000,September,"195,520.00","399,798.72","595,318.72",32.84291144,67.15708856,Higher external debt,"-1,064.00",-0.541244455,Increase,"4,088.66",1.03,Increase,"3,024.66",0.5106686365,Increase,256
2000,August,"196,584.00","395,710.06","592,294.06",33.19027039,66.80972961,Higher external debt,"-5,778.00",-2.855279153,Decrease,"1,042.69",0.26,Increase,"-4,735.31",-0.7931452350,Increase,257
2000,July,"202,362.00","394,667.37","597,029.37",33.89481492,66.10518508,Higher external debt,"-3,765.00",-1.82654383,Decrease,"-1,026.63",-0.26,Increase,"-4,791.63",-0.7961885677,Decrease,258
2000,June,"206,127.00","395,694.00","601,821.00",34.25054958,65.74945042,Higher external debt,"4,663.78",2.314953568,Decrease,"-1,106.00",-0.28,Decrease,"3,557.78",0.5946847276,Decrease,259
2000,March,"201,463.22","396,800.00","598,263.22",33.67467918,66.32532082,Higher external debt,"11,163.22",5.866116658,Increase,"84,847.00",27.20,Increase,"96,010.22",19.1159077198,Increase,260
1999,December,"190,300.00","311,953.00","502,253.00",37.88927095,62.11072905,Higher external debt,"6,883.00",3.752651063,Increase,"-8,184.00",-2.56,Decrease,"-1,301.00",-0.2583635519,Decrease,261
1999,September,"183,417.00","320,137.00","503,554.00",36.42449469,63.57550531,Higher external debt,0.00,0,None,0.00,0.00,None,0.00,0.00,None,262
